Country,Region,Happiness Score - 2020,Logged GDP per capita - 2020,Social Support - 2020,Healthy Life Expectancy - 2020,Freedom to make life choices - 2020,Generocity - 2020,Perceptions of Corruption - 2020,Happiness Score - 2021,Logged GDP per capita - 2021,Social Support - 2021,Healthy Life Expectancy - 2021,Freedom to make life choices - 2021,Generocity - 2021,Perceptions of Corruption - 2021
Afghanistan,South Asia,2.5669000148773193,7.462860584259033,0.4703669548034668,52.59000015258789,0.396573007106781,-0.09642940014600754,0.9336865544319153,2.522900104522705,7.694709777832031,0.46259555220603943,52.49261474609375,0.3817485272884369,-0.10168354213237762,0.924338161945343
Albania,Central and Eastern Europe,4.882699966430664,9.417930603027344,0.6710704565048218,68.70813751220703,0.7819942235946655,-0.042309489101171494,0.8963037133216858,5.117400169372559,9.520496368408203,0.6974051594734192,68.9993896484375,0.7852362394332886,-0.02992146462202072,0.9010128974914551
Algeria,Middle East and North Africa,5.005099773406982,9.537964820861816,0.8033851385116577,65.9051742553711,0.4666109085083008,-0.12110516428947449,0.7354851365089417,4.8871002197265625,9.34237289428711,0.8019434213638306,66.00455474853516,0.4797153174877167,-0.06698665022850037,0.7518753409385681
Argentina,Latin America and Caribbean,5.974699974060059,9.810955047607422,0.9005679488182068,68.803802490234375,0.8311324119567871,-0.1949138641357422,0.8420098423957825,5.929299831390381,9.961631774902344,0.897523820400238,69.000152587890625,0.828485906124115,-0.18170379102230072,0.8339568376541138
Armenia,Commonwealth of Independent States,4.676799774169922,9.100476264953613,0.7574794292449951,66.75065612792969,0.712017834186554,-0.13877961039543152,0.7735447883605957,5.282599925994873,9.487374305725098,0.7990387082099915,67.055145263671875,0.8253329992294312,-0.1676464080810547,0.6294224262237549
Australia,North America and ANZ,7.222799777984619,10.720596313476563,0.9448546171188354,73.60453796386719,0.9154317378997803,0.19046016037464142,0.4151691198348999,7.183499813079834,10.795604705810547,0.9401491284370422,73.90009307861328,0.9136497378349304,0.1585298627614975,0.4422915577888489
Austria,Western Europe,7.2941999435424805,10.742823600769043,0.9280458688735962,73.00250244140625,0.8999894857406616,0.08542922139167786,0.49995487928390503,7.2677998542785645,10.906315803527832,0.9341755509376526,73.29972076416016,0.9076905846595764,0.04156827926635742,0.4813777804374695
Azerbaijan,Commonwealth of Independent States,5.16480016708374,9.687726974487305,0.8193082809448242,65.5083999633789,0.786824107170105,-0.24025528132915497,0.5525375604629517,5.17080020904541,9.56872844696045,0.8359205722808838,65.65584564208984,0.8141629099845886,-0.22254817187786102,0.5064712762832642
Bahrain,Middle East and North Africa,6.22730016708374,10.676380157470703,0.8763421177864075,68.5,0.9058557748794556,0.13372918963432312,0.7393471002578735,6.646900177001953,10.668610572814941,0.8616421818733215,69.49510192871094,0.9249880909919739,0.08911684900522232,0.7219851016998291
Bangladesh,South Asia,4.832799911499023,8.2870635986328125,0.6872929930686951,64.50306701660156,0.9006249904632568,-0.033664725720882416,0.6618435382843018,5.024600028991699,8.454228401184082,0.6933901309967041,64.79996490478516,0.877008318901062,-0.04134693741798401,0.6816807389259338
Belarus,Commonwealth of Independent States,5.539899826049805,9.779945373535156,0.9067474603652954,66.10433197021484,0.639163076877594,-0.16492654383182526,0.635711669921875,5.5335001945495605,9.853226661682129,0.909642219543457,66.25300598144531,0.6496435403823853,-0.1803240031003952,0.6266878247261047
Belgium,Western Europe,6.863500118255615,10.673639297485352,0.9116325378417969,72.00164794921875,0.8135820627212524,-0.07869119942188263,0.6122979521751404,6.834000110626221,10.823075294494629,0.9055314660072327,72.19942474365234,0.7833221554756165,-0.1533680558204651,0.6455837488174438
Benin,Sub-Saharan Africa,5.216000080108643,7.674319744110107,0.46867114305496216,54.31246566772461,0.7351825833320618,-0.0035372127313166857,0.7405325770378113,5.045199871063232,8.086958885192871,0.488511323928833,54.71274948120117,0.7574853897094727,-0.03380919247865677,0.6607150435447693
Bolivia,Latin America and Caribbean,5.747499942779541,8.851115226745605,0.8031086921691895,63.60047149658203,0.875873327255249,-0.09168113023042679,0.8226062059402466,5.71589994430542,9.045670509338379,0.8095972537994385,63.90121841430664,0.874642014503479,-0.07731892913579941,0.839005708694458
Bosnia and Herzegovina,Central and Eastern Europe,5.674099922180176,9.455817222595215,0.8292041420936584,67.808135986328125,0.6513527035713196,0.09827455878257751,0.9337691068649292,5.8130998611450195,9.590015411376953,0.8703864216804504,68.09849548339844,0.7063484787940979,0.11252003908157349,0.9312126040458679
Botswana,Sub-Saharan Africa,3.4788999557495117,9.711203575134277,0.7791217565536499,58.92445373535156,0.8213281035423279,-0.2503944933414459,0.7779309153556824,3.4665000438690186,9.781536102294922,0.7841714024543762,59.269187927246094,0.82439422607421875,-0.24615925550460815,0.8006190657615662
Brazil,Latin America and Caribbean,6.3755998611450195,9.566434860229492,0.8967238068580627,66.48016357421875,0.7998048067092896,-0.10181239247322083,0.7706012725830078,6.330100059509277,9.57730484008789,0.8815970420837402,66.60087585449219,0.804413914680481,-0.07104817032814026,0.7563974857330322
Bulgaria,Central and Eastern Europe,5.101500034332275,9.869318962097168,0.9378403425216675,66.8039779663086,0.7451781630516052,-0.14390844106674194,0.9355851411819458,5.265500068664551,10.015582084655762,0.9307728409767151,67.00025177001953,0.7878619432449341,-0.09649267792701721,0.9321166276931763
Burkina Faso,Sub-Saharan Africa,4.768700122833252,7.468544960021973,0.7129436135292053,53.88945388793945,0.6655635833740234,-0.019080515950918198,0.7397950291633606,4.833799839019775,7.678089618682861,0.6722585558891296,54.15081787109375,0.6945601105690002,-0.00861741229891777,0.7479232549667358
Burundi,Sub-Saharan Africa,3.7753000259399414,6.492642402648926,0.4903257191181183,53.400001525878906,0.6263502240180969,-0.017551597207784653,0.6069345474243164,3.7753000259399414,6.635322093963623,0.4903257191181183,53.400001525878906,0.6263502240180969,-0.023876165971159935,0.6069345474243164
Cambodia,Southeast Asia,4.848400115966797,8.249890327453613,0.7730806469917297,61.52996826171875,0.9597046375274658,0.05191117897629738,0.822769045829773,4.830399990081787,8.360370635986328,0.7645816206932068,62.000335693359375,0.9585790634155273,0.033952608704566956,0.8434561491012573
Cameroon,Sub-Saharan Africa,5.08489990234375,8.118647575378418,0.7003864049911499,52.70494079589844,0.7630518078804016,-0.001496450393460691,0.8513365983963013,5.1417999267578125,8.18909740447998,0.7096076011657715,53.51531219482422,0.7312072515487671,0.025644419714808464,0.8476269841194153
Canada,North America and ANZ,7.232100009918213,10.692368507385254,0.9271766543388367,73.60160064697266,0.9339132308959961,0.12477076798677444,0.39084336161613464,7.103300094604492,10.77612590789795,0.9261578917503357,73.7998046875,0.9146769642829895,0.0892951712012291,0.41468605399131775
Chad,Sub-Saharan Africa,4.422699928283691,7.467963695526123,0.6323880553245544,48.22053909301758,0.5873052477836609,0.017834719270467758,0.8027608394622803,4.355400085449219,7.364013195037842,0.6193000078201294,48.47800064086914,0.5786272883415222,0.04134179651737213,0.8069084286689758
Chile,Latin America and Caribbean,6.228499889373779,10.032054901123047,0.8797135949134827,69.90061950683594,0.7448962926864624,-0.06566836684942245,0.8382394313812256,6.171899795532227,10.071078300476074,0.8822913765907288,70.0000228881836,0.7415035963058472,-0.044292550534009933,0.8303554058074951
China,East Asia,5.123899936676025,9.688568115234375,0.7987605929374695,69.28919219970703,0.898517906665802,-0.18142575025558472,0.7539710998535156,5.339099884033203,9.6731719970703125,0.8108290433883667,69.5934066772461,0.9042927026748657,-0.1459076851606369,0.755388617515564
Colombia,Latin America and Caribbean,6.163400173187256,9.50036907196045,0.8844402432441711,67.6995849609375,0.8361799120903015,-0.16123564541339874,0.8645718097686768,6.012400150299072,9.557000160217285,0.8468530178070068,68.001373291015625,0.8369866609573364,-0.13479644060134888,0.8408741354942322
Comoros,Sub-Saharan Africa,4.288599967956543,7.833630084991455,0.6256624460220337,57.3490104675293,0.5476126074790955,0.09000840783119202,0.7806226015090942,4.288599967956543,8.030753135681152,0.6256624460220337,57.3490104675293,0.5476126074790955,0.08156636357307434,0.7806226015090942
Congo (Brazzaville),Sub-Saharan Africa,5.194399833679199,8.5369873046875,0.6402280926704407,57.92448043823242,0.7190585136413574,-0.12367409467697144,0.7517790794372559,5.341700077056885,8.117217063903809,0.6364794373512268,58.220947265625,0.6947336792945862,-0.06753960251808167,0.7446727156639099
Costa Rica,Latin America and Caribbean,7.121399879455566,9.658156394958496,0.9015459418296814,71.29985046386719,0.9347389340400696,-0.10242971032857895,0.7863324284553528,7.069399833679199,9.879919052124023,0.8913084864616394,71.3999252319336,0.9344320297241211,-0.12646888196468353,0.8087530136108398
Croatia,Central and Eastern Europe,5.504700183868408,10.07087516784668,0.874623715877533,70.21490478515625,0.7148388028144836,-0.1285383254289627,0.9164952635765076,5.881700038909912,10.21720027923584,0.9235941171646118,70.79936981201172,0.7536758780479431,-0.1176806166768074,0.9393432140350342
Cyprus,Western Europe,6.158999919891357,10.405702590942383,0.8059962391853333,73.70222473144531,0.7798582911491394,0.04373149573802948,0.8562717437744141,6.223499774932861,10.57603645324707,0.8022973537445068,73.89753723144531,0.7630279064178467,-0.014914353378117085,0.8441770076751709
Czech Republic,Central and Eastern Europe,6.910900115966797,10.404163360595703,0.9144306778907776,70.04793548583984,0.8185373544692993,-0.23086151480674744,0.8584462404251099,6.964700222015381,10.556146621704102,0.9465022087097168,70.80664825439453,0.858412504196167,-0.20834200084209442,0.8677807450294495
Denmark,Western Europe,7.645599842071533,10.774001121520996,0.9559907913208008,72.40250396728516,0.9514442682266235,0.06620177626609802,0.1684894561767578,7.619500160217285,10.933176040649414,0.9544095396995544,72.69975280761719,0.9456385374069214,0.030108893290162086,0.17883844673633575
Dominican Republic,Latin America and Caribbean,5.689199924468994,9.664880752563477,0.882085382938385,65.80748748779297,0.8662027716636658,-0.13126328587532043,0.7559999227523804,5.545100212097168,9.802362442016602,0.8528887629508972,66.10197448730469,0.8595534563064575,-0.13328588008880615,0.7141715288162231
Ecuador,Latin America and Caribbean,5.92519998550415,9.246058464050293,0.8364189863204956,68.50003814697266,0.8598289489746094,-0.12701496481895447,0.8012151122093201,5.763999938964844,9.312904357910156,0.8205147385597229,68.79994201660156,0.8421871662139893,-0.12367477267980576,0.8425045609474182
Egypt,Middle East and North Africa,4.151400089263916,9.31654167175293,0.7354478240013123,61.7801513671875,0.7083541750907898,-0.1968783140182495,0.787726879119873,4.282700061798096,9.366633415222168,0.7497766613960266,61.99771499633789,0.7485634684562683,-0.18211384117603302,0.794777512550354
El Salvador,Latin America and Caribbean,6.348299980163574,8.909075736999512,0.8060922622680664,66.10826110839844,0.83380526304245,-0.12107297778129578,0.7543199062347412,6.060500144958496,9.05385684967041,0.7620758414268494,66.40190124511719,0.8875650763511658,-0.11026214063167572,0.6882754564285278
Estonia,Central and Eastern Europe,6.0218000411987305,10.340017318725586,0.9347299933433533,68.6049575805664,0.877709150314331,-0.11169777065515518,0.6230738162994385,6.188799858093262,10.481181144714355,0.9414528608322144,68.79991149902344,0.9087128043174744,-0.10619337856769562,0.5266488194465637
Ethiopia,Sub-Saharan Africa,4.186200141906738,7.509385585784912,0.74330735206604,58.639591217041016,0.7407951951026917,0.043377332389354706,0.7536900043487549,4.274700164794922,7.693592548370361,0.7638999223709106,58.99952697753906,0.7521147727966309,0.08200153708457947,0.7605333924293518
Finland,Western Europe,7.808700084686279,10.639266967773438,0.9543297290802002,71.90082550048828,0.9491721987724304,-0.059482019394636154,0.19544458389282227,7.842100143432617,10.775201797485352,0.9536033868789673,72,0.9492678642272949,-0.09776027500629425,0.1858457326889038
France,Western Europe,6.66379976272583,10.584222793579102,0.9371037483215332,73.80193328857422,0.8254676461219788,-0.13064196705818176,0.5835211277008057,6.689899921417236,10.703892707824707,0.9423473477363586,73.99979400634766,0.8218606114387512,-0.14651916921138763,0.5707479119300842
Gabon,Sub-Saharan Africa,4.8292999267578125,9.680537223815918,0.7878868579864502,59.71533966064453,0.704829216003418,-0.22226162254810333,0.8491509556770325,4.851799964904785,9.60301685333252,0.7764019966125488,59.96162414550781,0.7305527925491333,-0.19985777139663696,0.8395736217498779
Gambia,Sub-Saharan Africa,4.7505998611450195,7.32181453704834,0.6931686997413635,55.01201629638672,0.7331631779670715,0.3431987166404724,0.6907178163528442,5.051000118255615,7.685917854309082,0.6896220445632935,55.160160064697266,0.6970475912094116,0.42415475845336914,0.7459676265716553
Georgia,Commonwealth of Independent States,4.672599792480469,9.22610092163086,0.6290330290794373,64.495208740234375,0.8016415238380432,-0.2289203703403473,0.6659446954727173,4.89139986038208,9.584575653076172,0.6711152195930481,64.30001068115234,0.7826029658317566,-0.23844508826732635,0.654995858669281
Germany,Western Europe,7.075799942016602,10.732818603515625,0.8988744616508484,72.20201873779297,0.8673710823059082,0.08017938584089279,0.45642203092575073,7.1545000076293945,10.872547149658203,0.9031664729118347,72.5000991821289,0.8751699328422546,0.010640330612659454,0.460144966840744
Ghana,Sub-Saharan Africa,5.1479997634887695,8.350645065307617,0.7286010980606079,57.20398712158203,0.7947965264320374,0.09417085349559784,0.8479647636413574,5.088399887084961,8.580243110656738,0.7267570495605469,57.58634567260742,0.8065050840377808,0.12335524708032608,0.8481913805007935
Greece,Western Europe,5.514999866485596,10.132326126098633,0.8143803477287292,72.40525817871094,0.5413451194763184,-0.3009073734283447,0.8599314093589783,5.722599983215332,10.278793334960937,0.8227670788764954,72.60015106201172,0.5817652940750122,-0.2881526052951813,0.8231480121612549
Guatemala,Latin America and Caribbean,6.398900032043457,8.924805641174316,0.8166214823722839,64.80894470214844,0.9081475734710693,-0.04293866455554962,0.7832374572753906,6.434500217437744,9.053407669067383,0.8132908344268799,64.95813751220703,0.9058154821395874,-0.03760077431797981,0.7753238677978516
Guinea,Sub-Saharan Africa,4.9492998123168945,7.750990390777588,0.6375734806060791,54.46780014038086,0.7068467736244202,0.07632847130298615,0.7617944478988647,4.984300136566162,7.83774995803833,0.639484167098999,55.00819778442383,0.6972144246101379,0.09467919170856476,0.7660537958145142
Haiti,Latin America and Caribbean,3.7207999229431152,7.41132926940918,0.5932478308677673,55.59862518310547,0.5378251671791077,0.40053457021713257,0.6847672462463379,3.6149001121520996,7.477138042449951,0.5395039319992065,55.70000076293945,0.5933555960655212,0.4215203523635864,0.7210492491722107
Honduras,Latin America and Caribbean,5.953199863433838,8.424534797668457,0.8218701481819153,67.19876861572266,0.8706032633781433,0.08696911484003067,0.8011319041252136,5.9191999435424805,8.648223876953125,0.8119232058525085,67.29987335205078,0.8570315837860107,0.08098253607749939,0.8087548017501831
Hong Kong S.A.R. of China,East Asia,5.51039981842041,10.934671401977539,0.8459690809249878,76.7717056274414,0.7798337936401367,0.13497990369796753,0.42060720920562744,5.4766998291015625,11.000312805175781,0.8357810974121094,76.8200912475586,0.7168079614639282,0.06734424829483032,0.4026504456996918
Hungary,Central and Eastern Europe,6.000400066375732,10.24924373626709,0.9219341278076172,67.60997009277344,0.7189645767211914,-0.19432301819324493,0.8929165005683899,5.991600036621094,10.358233451843262,0.9434720277786255,68.00016784667969,0.7549257278442383,-0.18617792427539825,0.8761805295944214
Iceland,Western Europe,7.504499912261963,10.77255916595459,0.9746695756912231,73,0.9488918781280518,0.24694421887397766,0.71170973777771,7.553899765014648,10.877767562866211,0.9829378724098206,73,0.9551227688789368,0.16027399897575378,0.6728646755218506
India,South Asia,3.5732998847961426,8.849823951721191,0.5922009348869324,60.215187072753906,0.8814448714256287,0.057551607489585876,0.7720426917076111,3.8189001083374023,8.755183219909668,0.6029612421989441,60.632999420166016,0.8931295871734619,0.08932670205831528,0.7737091183662415
Indonesia,Southeast Asia,5.285600185394287,9.369751930236816,0.8083798885345459,62.15584945678711,0.8706144094467163,0.5195865035057068,0.8762964010238647,5.3445000648498535,9.364790916442871,0.8114106059074402,62.23636245727539,0.8728774189949036,0.5415529608726501,0.8673139214515686
Iran,Middle East and North Africa,4.672399997711182,9.813719749450684,0.6946896910667419,66.00614929199219,0.6478732824325562,0.1178911030292511,0.714635968208313,4.721199989318848,9.58437442779541,0.7100515961647034,66.30035400390625,0.6075012683868408,0.2184768170118332,0.7141964435577393
Iraq,Middle East and North Africa,4.784800052642822,9.66109561920166,0.7476949691772461,59.90354919433594,0.6331826448440552,-0.06956475973129272,0.8222618103027344,4.854100227355957,9.240058898925781,0.7456973791122437,60.583316802978516,0.6297644376754761,-0.053082242608070374,0.8752124905586243
Ireland,Western Europe,7.093699932098389,11.160978317260742,0.9420815706253052,72.30078887939453,0.8869829773902893,0.14578497409820557,0.35718417167663574,7.085299968719482,11.342286109924316,0.9472292065620422,72.39998626708984,0.8793568015098572,0.07718856632709503,0.36315593123435974
Israel,Middle East and North Africa,7.128600120544434,10.417525291442871,0.9135712385177612,73.20025634765625,0.7475805878639221,0.10259371995925903,0.7808550596237183,7.157100200653076,10.57475757598877,0.9392313361167908,73.50325775146484,0.8000268936157227,0.030681880190968513,0.7531108856201172
Italy,Western Europe,6.387400150299072,10.481836318969727,0.8898785710334778,73.6016845703125,0.6646519899368286,-0.04346099868416786,0.8734046816825867,6.483099937438965,10.62289810180664,0.879959225654602,73.800048828125,0.6929126381874084,-0.08422919362783432,0.8657403588294983
Ivory Coast,Sub-Saharan Africa,5.23330020904541,8.225561141967773,0.658048689365387,49.5037727355957,0.7279093265533447,-0.04399115592241287,0.7907719612121582,5.306000232696533,8.551093101501465,0.6440978646278381,50.11359786987305,0.74146270751953125,-0.016492072492837906,0.7944678664207458
Jamaica,Latin America and Caribbean,5.889800071716309,9.006250381469727,0.9157018661499023,67.0999984741211,0.8580685257911682,-0.12510676681995392,0.8888900279998779,6.309199810028076,9.186201095581055,0.8765021562576294,67.5,0.8895829319953918,-0.13679705560207367,0.8844091892242432
Japan,East Asia,5.870800018310547,10.579689025878906,0.8835459351539612,75.00096893310547,0.8099613785743713,-0.24691034853458405,0.6545580625534058,5.940499782562256,10.611433982849121,0.8839415311813354,75.1004409790039,0.7957438826560974,-0.2581944167613983,0.6378864049911499
Jordan,Middle East and North Africa,4.633399963378906,9.025999069213867,0.8021637201309204,66.79975128173828,0.7510477900505066,-0.1625652015209198,0.7003443241119385,4.394599914550781,9.18210506439209,0.7668236494064331,67.00030517578125,0.7552774548530579,-0.16678906977176666,0.7046573758125305
Kazakhstan,Commonwealth of Independent States,6.0578999519348145,10.11465835571289,0.9347448945045471,64.6099624633789,0.8116019368171692,-0.06848863512277603,0.7644908428192139,6.151800155639648,10.154766082763672,0.95210862159729,65.199859619140625,0.8525170087814331,-0.06944605708122253,0.7330804467201233
Kenya,Sub-Saharan Africa,4.583000183105469,8.029775619506836,0.7026520371437073,60.09693145751953,0.8297475576400757,0.29468151926994324,0.8314991593360901,4.606599807739258,8.36077880859375,0.6880660653114319,60.70405197143555,0.7785444855690002,0.2868662476539612,0.8254486322402954
Kosovo,Central and Eastern Europe,6.325200080871582,9.204429626464844,0.8207265138626099,63.885555267333984,0.861535906791687,0.19093376398086548,0.9223282933235168,6.372000217437744,9.318236351013184,0.8209583759307861,63.812744140625,0.8689715266227722,0.25741687417030334,0.9174878597259521
Kuwait,Middle East and North Africa,6.102099895477295,11.089824676513672,0.8464752435684204,66.76764678955078,0.8723664879798889,-0.10018470138311386,0.7608490586280823,6.106100082397461,10.816696166992188,0.8427844047546387,66.9000015258789,0.8670896291732788,-0.10416107624769211,0.7362381219863892
Kyrgyzstan,Commonwealth of Independent States,5.541500091552734,8.148405075073242,0.8872284889221191,64.10601043701172,0.9093748927116394,0.1547720581293106,0.8883960843086243,5.743599891662598,8.538470268249512,0.8933833241462708,64.4006118774414,0.9345319867134094,0.11930427700281143,0.9077425599098206
Laos,Southeast Asia,4.888599872589111,8.798580169677734,0.7375022172927856,58.709922790527344,0.907213568687439,0.1113714799284935,0.6346793174743652,5.03000020980835,8.947352409362793,0.7279734015464783,58.968135833740234,0.9100531339645386,0.12314454466104507,0.6581959128379822
Latvia,Central and Eastern Europe,5.949999809265137,10.17531967163086,0.9182885885238647,66.807464599609375,0.6712376475334167,-0.18688884377479553,0.7955800890922546,6.0320000648498535,10.314775466918945,0.9274994134902954,67.1001968383789,0.7145545482635498,-0.1620119959115982,0.7997939586639404
Lebanon,Middle East and North Africa,4.771500110626221,9.361723899841309,0.8243381381034851,67.10658264160156,0.5513575077056885,-0.061215270310640335,0.9022562503814697,4.583799839019775,9.625673294067383,0.8478091359138489,67.35521697998047,0.5252207517623901,-0.07346584647893906,0.8981228470802307
Lesotho,Sub-Saharan Africa,3.6528000831604004,7.960488319396973,0.7804957032203674,48.003623962402344,0.7381258606910706,-0.14573204517364502,0.8573920726776123,3.5118000507354736,7.925776958465576,0.7868713736534119,48.70000076293945,0.7149537205696106,-0.13053622841835022,0.9153769016265869
Liberia,Sub-Saharan Africa,4.5578999519348145,7.054380416870117,0.7092805504798889,56.0963134765625,0.7352687120437622,0.04227321967482567,0.8563759326934814,4.625199794769287,7.287705898284912,0.7201086282730103,56.49757766723633,0.7352684736251831,0.05023176968097687,0.849899411201477
Libya,Middle East and North Africa,5.488800048828125,9.789815902709961,0.8259429335594177,62.29999923706055,0.773157000541687,-0.08505448698997498,0.6687791347503662,5.410299777984619,9.622293472290039,0.8269725441932678,62.29999923706055,0.7710716128349304,-0.0866379514336586,0.6666070222854614
Lithuania,Central and Eastern Europe,6.2154998779296875,10.343626022338867,0.9261071085929871,67.29407501220703,0.7473814487457275,-0.21972529590129852,0.809583842754364,6.25540018081665,10.498724937438965,0.935331404209137,67.90605163574219,0.7731943130493164,-0.20268277823925018,0.8256320357322693
Luxembourg,Western Europe,7.237500190734863,11.45068073272705,0.9069122076034546,72.5999984741211,0.9056364297866821,-0.004620587918907404,0.3670842945575714,7.324399948120117,11.646564483642578,0.9077898859977722,72.5999984741211,0.9071798324584961,-0.03356621041893959,0.38641881942749023
Madagascar,Sub-Saharan Africa,4.165599822998047,7.281685829162598,0.668195903301239,59.10542678833008,0.5575740933418274,-0.011823639273643494,0.8174856305122375,4.208499908447266,7.396349906921387,0.6857328414916992,59.30538558959961,0.5521671772003174,-0.0051393574103713036,0.8031488656997681
Malawi,Sub-Saharan Africa,3.5380001068115234,7.062226295471191,0.5440073013305664,57.59288787841797,0.803223192691803,0.021433278918266296,0.7317007780075073,3.5999999046325684,6.95752477645874,0.5369946956634521,57.94752502441406,0.7797031402587891,0.03840235620737076,0.7290654182434082
Malaysia,Southeast Asia,5.384300231933594,10.262518882751465,0.8165094256401062,67.10215759277344,0.8946268558502197,0.11472679674625397,0.8393023014068604,5.384300231933594,10.238157272338867,0.8165094256401062,67.10215759277344,0.8946268558502197,0.12529583275318146,0.8393023014068604
Maldives,South Asia,5.1975998878479,9.518632888793945,0.9131609201431274,70.5999984741211,0.853962779045105,0.03808549791574478,0.824211061000824,5.1975998878479,9.8259859085083,0.9131609201431274,70.5999984741211,0.853962779045105,0.0239978339523077,0.8246503472328186
Mali,Sub-Saharan Africa,4.729300022125244,7.629852294921875,0.7314689755439758,51.72698211669922,0.711566150188446,-0.044366925954818726,0.839328408241272,4.723499774932861,7.743618488311768,0.7244561910629272,51.968902587890625,0.6972617506980896,-0.03602544218301773,0.8269209861755371
Malta,Western Europe,6.772799968719482,10.533838272094727,0.9303795099258423,72.19999694824219,0.9249114394187927,0.2149658054113388,0.6585472822189331,6.6020002365112305,10.673663139343262,0.930931031703949,72.19999694824219,0.9272085428237915,0.13264670968055725,0.6529858112335205
Mauritania,Sub-Saharan Africa,4.374599933624268,8.233919143676758,0.7908192276954651,57.01017761230469,0.5515225529670715,-0.1060081422328949,0.746223509311676,4.227399826049805,8.541807174682617,0.7949525117874146,57.160579681396484,0.5612248778343201,-0.10640240460634232,0.7309130430221558
Mauritius,Sub-Saharan Africa,6.10129976272583,9.956786155700684,0.9103578329086304,66.40434265136719,0.8895345330238342,-0.018318573012948036,0.8053430914878845,6.048999786376953,10.008109092712402,0.9047017097473145,66.70086669921875,0.8669211864471436,-0.05411110445857048,0.7890381813049316
Mexico,Latin America and Caribbean,6.465000152587891,9.797797203063965,0.8386654257774353,68.29902648925781,0.8587092757225037,-0.17526662349700928,0.8068215847015381,6.316800117492676,9.858916282653809,0.8308840990066528,68.597259521484375,0.8624945878982544,-0.1468086689710617,0.7990835905075073
Moldova,Commonwealth of Independent States,5.607500076293945,8.776714324951172,0.8433135747909546,65.01301574707031,0.7216091752052307,-0.0377410389482975,0.9133142828941345,5.76639986038208,9.45394229888916,0.8567749261856079,65.69859313964844,0.822086751461029,-0.07867660373449326,0.9182137250900269
Mongolia,East Asia,5.456200122833252,9.412186622619629,0.9371424913406372,62.30448532104492,0.6933513283729553,0.09809386730194092,0.8635112047195435,5.677199840545654,9.400177955627441,0.9351727962493896,62.50011444091797,0.7076252698898315,0.11551421880722046,0.8564766645431519
Montenegro,Central and Eastern Europe,5.54610013961792,9.751860618591309,0.8553146123886108,68.5053482055664,0.6495656371116638,-0.07560035586357117,0.7831215858459473,5.58050012588501,9.939974784851074,0.8582317233085632,68.6992416381836,0.7078997492790222,-0.034215305000543594,0.8122866153717041
Morocco,Middle East and North Africa,5.094799995422363,8.940313339233398,0.59262847900390625,65.896240234375,0.772072434425354,-0.2403772473335266,0.8157246112823486,4.918000221252441,8.902779579162598,0.5599959492683411,66.20808410644531,0.7735444903373718,-0.23571033775806427,0.8014660477638245
Mozambique,Sub-Saharan Africa,4.623600006103516,7.069345951080322,0.723874032497406,54.2058219909668,0.8644518852233887,0.032375868409872055,0.6830191016197205,4.79449987411499,7.158463478088379,0.7438184022903442,54.705841064453125,0.8818101286888123,0.06079568713903427,0.6844094395637512
Myanmar,Southeast Asia,4.308000087738037,8.680481910705566,0.7844070196151733,58.96171188354492,0.8950752019882202,0.5606639981269836,0.6451243162155151,4.42579984664917,8.540955543518066,0.7789490222930908,59.30188751220703,0.8756269216537476,0.508870542049408,0.6595363020896912
Namibia,Sub-Saharan Africa,4.571100234985352,9.203141212463379,0.8468809723854065,56.501487731933594,0.7675209641456604,-0.18530645966529846,0.8514497876167297,4.574100017547607,9.160563468933105,0.8180958032608032,56.79882049560547,0.7192999720573425,-0.14897291362285614,0.8467019200325012
Nepal,South Asia,5.137199878692627,7.925357341766357,0.7855124473571777,63.779178619384766,0.7975650429725647,0.15416882932186127,0.7380991578102112,5.268899917602539,8.120031356811523,0.7743813395500183,64.2327880859375,0.7824746966362,0.15201281011104584,0.7274966835975647
Netherlands,Western Europe,7.44890022277832,10.812711715698242,0.9391388297080994,72.30091857910156,0.9085478186607361,0.20761243999004364,0.36471712589263916,7.464000225067139,10.931812286376953,0.9416008591651917,72.400115966796875,0.9131155610084534,0.1754044145345688,0.33793777227401733
New Zealand,North America and ANZ,7.299600124359131,10.500943183898926,0.949118971824646,73.20262908935547,0.9362174868583679,0.1915980726480484,0.2211388498544693,7.276599884033203,10.642712593078613,0.948147714138031,73.400146484375,0.9285796880722046,0.134256049990654,0.24164114892482758
Nicaragua,Latin America and Caribbean,6.1371002197265625,8.493160247802734,0.8574970364570618,67.5071792602539,0.8639028668403625,0.020959140732884407,0.6659501194953918,5.972099781036377,8.62026596069336,0.863976001739502,67.65653228759766,0.8358175754547119,0.019603606313467026,0.6635907888412476
Niger,Sub-Saharan Africa,4.909599781036377,6.842166900634766,0.6174350380897522,53.50009536743164,0.7597721219062805,0.013860817067325115,0.7225301861763,5.074100017547607,7.0976152420043945,0.6411375999450684,53.780006408691406,0.8061235547065735,0.018449943512678146,0.6925413608551025
Nigeria,Sub-Saharan Africa,4.724100112915039,8.576624870300293,0.7372168898582458,49.861907958984375,0.7595784068107605,0.03374580666422844,0.8618743419647217,4.759300231933594,8.532771110534668,0.7400800585746765,50.10182571411133,0.737415611743927,0.03739665448665619,0.8784207105636597
North Cyprus,Western Europe,5.5355000495910645,10.405702590942383,0.8203566074371338,73.70222473144531,0.7952935099601746,2.2715852537658066e-4,0.6261156797409058,5.5355000495910645,10.57603645324707,0.8203566074371338,73.89753723144531,0.7952935099601746,0.012133750133216381,0.6261156797409058
Norway,Western Europe,7.48799991607666,11.087803840637207,0.9524865746498108,73.2007827758789,0.9557502865791321,0.134532630443573,0.2632181942462921,7.392499923706055,11.053126335144043,0.9544451236724854,73.30001068115234,0.9595884084701538,0.09342556446790695,0.2700278162956238
Pakistan,South Asia,5.693299770355225,8.48272705078125,0.6890622973442078,58.253135681152344,0.7348337173461914,0.044899869710206985,0.7457054257392883,4.934000015258789,8.458282470703125,0.6505712270736694,58.70899963378906,0.7255769968032837,0.09756748378276825,0.7869770526885986
Palestinian Territories,Middle East and North Africa,4.552800178527832,8.389223098754883,0.8252959251403809,62.25,0.6457918286323547,-0.1620790958404541,0.8241999745368958,4.51669979095459,8.484533309936523,0.8259382247924805,62.25,0.6530195474624634,-0.16252174973487854,0.8213176131248474
Panama,Latin America and Caribbean,6.304800033569336,10.034234046936035,0.9020944833755493,69.60301208496094,0.8803665041923523,-0.15392771363258362,0.8515889048576355,6.179599761962891,10.350154876708984,0.8958771228790283,69.65210723876953,0.8718804121017456,-0.1662856638431549,0.8556877374649048
Paraguay,Latin America and Caribbean,5.6921000480651855,9.389982223510742,0.8987278938293457,65.63993835449219,0.885923445224762,0.007997713051736355,0.8347885012626648,5.652599811553955,9.44814395904541,0.8933451771736145,65.9000015258789,0.8764378428459167,0.02811283804476261,0.8816799521446228
Peru,Latin America and Caribbean,5.796800136566162,9.456313133239746,0.8310752511024475,68.10023498535156,0.8247660994529724,-0.16238822042942047,0.893714964389801,5.839600086212158,9.458379745483398,0.8322862386703491,68.25005340576172,0.8219620585441589,-0.15410254895687103,0.8911354541778564
Philippines,Southeast Asia,6.00600004196167,8.9935455322265625,0.8467300534248352,61.926761627197266,0.9154634475708008,-0.10546300560235977,0.7336341142654419,5.880199909210205,9.07558822631836,0.8299263715744019,61.99995422363281,0.916998565196991,-0.09683585166931152,0.74176424741745
Poland,Central and Eastern Europe,6.186299800872803,10.265124320983887,0.8742574453353882,69.3111343383789,0.862055778503418,-0.20508407056331635,0.6869270205497742,6.166100025177002,10.381980895996094,0.8982869386672974,69.70166778564453,0.8406172394752502,-0.1648647040128708,0.7353492975234985
Portugal,Western Europe,5.910900115966797,10.263742446899414,0.8865907192230225,72.40202331542969,0.8887478113174438,-0.22071430087089539,0.8926295042037964,5.928999900817871,10.421197891235352,0.8794488906860352,72.59953308105469,0.8917185664176941,-0.24439343810081482,0.8873282670974731
Romania,Central and Eastern Europe,6.123700141906738,10.107583999633789,0.8251615166664124,67.20723724365234,0.8428232073783875,-0.1978152096271515,0.9343002438545227,6.139999866485596,10.283731460571289,0.8319143652915955,67.35520935058594,0.8450421094894409,-0.2194642722606659,0.9382724165916443
Russia,Commonwealth of Independent States,5.546000003814697,10.12887191772461,0.903150737285614,64.10045623779297,0.7298926115036011,-0.15115374326705933,0.8648025989532471,5.477200031280518,10.188741683959961,0.9028661847114563,64.702911376953125,0.7180507779121399,-0.1114475205540657,0.8446192741394043
Rwanda,Sub-Saharan Africa,3.312299966812134,7.600104331970215,0.540835440158844,61.098846435546875,0.9005894064903259,0.05548395216464996,0.1835411787033081,3.4147000312805176,7.676117897033691,0.5523390769958496,61.39972686767578,0.8967583775520325,0.06052568554878235,0.16680097579956055
Saudi Arabia,Middle East and North Africa,6.406499862670898,10.797812461853027,0.8740670680999756,66.305145263671875,0.854191243648529,-0.16869506239891052,0.6826195120811462,6.49399995803833,10.74250316619873,0.8905491828918457,66.60309600830078,0.8772625923156738,-0.14943623542785645,0.6840046048164368
Senegal,Sub-Saharan Africa,4.980800151824951,8.118982315063477,0.7236160039901733,59.599151611328125,0.6905961632728577,-0.05233515426516533,0.8087851405143738,5.131800174713135,8.118176460266113,0.7102318406105042,59.801551818847656,0.6952162384986877,-0.0460028201341629,0.8007579445838928
Serbia,Central and Eastern Europe,5.778200149536133,9.680980682373047,0.8814757466316223,68.210205078125,0.7264958620071411,-0.0736762210726738,0.8435090184211731,6.077899932861328,9.78662395477295,0.8726455569267273,68.60033416748047,0.7775619029998779,0.002192957093939185,0.8352977633476257
Sierra Leone,Sub-Saharan Africa,3.9263999462127686,7.268803119659424,0.6361420154571533,50.865142822265625,0.715315043926239,0.08866074681282043,0.8613306879997253,3.849400043487549,7.433872222900391,0.6299904584884644,51.65053939819336,0.7171773314476013,0.0839950293302536,0.8663837313652039
Singapore,Southeast Asia,6.377099990844727,11.39552116394043,0.9102689623832703,76.80458068847656,0.9266453385353088,0.029879223555326462,0.10978419333696365,6.376500129699707,11.488009452819824,0.914898693561554,76.9528579711914,0.9271981716156006,-0.018426835536956787,0.0819585770368576
Slovakia,Central and Eastern Europe,6.280600070953369,10.347749710083008,0.9224937558174133,68.906341552734375,0.7499526739120483,-0.12440930306911469,0.918096125125885,6.330900192260742,10.368945121765137,0.9358723163604736,69.200653076171875,0.7663798332214355,-0.12377460300922394,0.9112483859062195
Slovenia,Central and Eastern Europe,6.363399982452393,10.392322540283203,0.9395756721496582,71.10298919677734,0.93614262342453,-0.08060338348150253,0.8170710206031799,6.460700035095215,10.529362678527832,0.9479639530181885,71.3997573852539,0.9486264586448669,-0.10067720711231232,0.8064841032028198
South Africa,Sub-Saharan Africa,4.8140997886657715,9.40337085723877,0.8525322675704956,56.506011962890625,0.7593300938606262,-0.10977732390165329,0.8434238433837891,4.956399917602539,9.402575492858887,0.8596819639205933,56.903968811035156,0.7493821382522583,-0.0669967532157898,0.8595834374427795
South Korea,East Asia,5.872399806976318,10.510566711425781,0.7993871569633484,73.60272979736328,0.6129651069641113,-0.04340403154492378,0.7890674471855164,5.8454999923706055,10.650712966918945,0.7990646958351135,73.89986419677734,0.6720153093338013,-0.0832347497344017,0.7270837426185608
Spain,Western Europe,6.400899887084961,10.462926864624023,0.9211254119873047,74.4027099609375,0.7519895434379578,-0.05096171423792839,0.7658599019050598,6.490699768066406,10.570850372314453,0.9315811395645142,74.69999694824219,0.7613672614097595,-0.08113867789506912,0.7452783584594727
Sri Lanka,South Asia,4.327000141143799,9.389969825744629,0.8253740668296814,67.20006561279297,0.8376336693763733,0.08112961798906326,0.8590017557144165,4.324999809265137,9.470399856567383,0.8265063762664795,67.29920959472656,0.8414434194564819,0.07883036136627197,0.8630807399749756
Swaziland,Sub-Saharan Africa,4.30810022354126,9.1626739501953125,0.770290195941925,51.188236236572266,0.6468222737312317,-0.19920141994953156,0.7082633376121521,4.30810022354126,9.065187454223633,0.770290195941925,50.8331413269043,0.6468222737312317,-0.18486350774765015,0.7082633376121521
Sweden,Western Europe,7.353499889373779,10.758793830871582,0.926311194896698,72.60076904296875,0.9391441941261292,0.11161462217569351,0.2508801817893982,7.36269998550415,10.866994857788086,0.9338052272796631,72.7000503540039,0.9446040987968445,0.08622293174266815,0.23746000230312347
Switzerland,Western Europe,7.559899806976318,10.97993278503418,0.9428465962409973,74.102447509765625,0.9213366508483887,0.10591103881597519,0.3037284314632416,7.571499824523926,11.1173677444458,0.9417418241500854,74.40010070800781,0.9187881946563721,0.024629194289445877,0.29169848561286926
Taiwan Province of China,East Asia,6.455399990081787,10.77568531036377,0.8943091034889221,69.5999984741211,0.7715303301811218,-0.07319869846105576,0.7318829298019409,6.584400177001953,10.87099552154541,0.8982787728309631,69.5999984741211,0.7843614220619202,-0.0704944059252739,0.7213312983512878
Tajikistan,Commonwealth of Independent States,5.555699825286865,8.024810791015625,0.8352971076965332,64.1045913696289,0.8313834071159363,-0.025088511407375336,0.5920760631561279,5.46619987487793,8.090771675109863,0.8597100973129272,64.2805404663086,0.8320024609565735,-0.055771417915821075,0.5526466965675354
Tanzania,Sub-Saharan Africa,3.4762001037597656,7.967665195465088,0.6889331936836243,57.49607467651367,0.8215397596359253,0.10966868698596954,0.6197994351387024,3.623199939727783,7.875572204589844,0.702070951461792,57.998992919921875,0.8331366777420044,0.18315006792545319,0.5769856572151184
Thailand,Southeast Asia,5.998799800872803,9.741791725158691,0.8899732232093811,67.25059509277344,0.9050630331039429,0.2686851918697357,0.8862723112106323,5.9847002029418945,9.804679870605469,0.8875290155410767,67.4011001586914,0.884037971496582,0.28739139437675476,0.895368218421936
Togo,Sub-Saharan Africa,4.18720006942749,7.357711315155029,0.5513126254081726,54.71989822387695,0.6498286128044128,0.002667874563485384,0.7577334642410278,4.106800079345703,7.362420558929443,0.5689000487327576,54.91435241699219,0.6193913221359253,0.031523190438747406,0.7722567319869995
Tunisia,Middle East and North Africa,4.392199993133545,9.314972877502441,0.6887185573577881,66.897857666015625,0.5933615565299988,-0.21641381084918976,0.8675902485847473,4.596499919891357,9.265801429748535,0.6909812092781067,67.20076751708984,0.6559020280838013,-0.2005712240934372,0.8699617981910706
Turkey,Middle East and North Africa,5.131800174713135,10.129419326782227,0.8263135552406311,66.90281677246094,0.608830451965332,-0.1710464358329773,0.7481973767280579,4.9475998878479,10.240470886230469,0.8217769265174866,67.1988754272461,0.5758052468299866,-0.13946326076984406,0.775604248046875
Turkmenistan,Commonwealth of Independent States,5.119100093841553,9.748032569885254,0.9589661955833435,62.211708068847656,0.8264570236206055,0.18767154216766357,0.8836918473243713,5.066400051116943,9.629326820373535,0.9828737378120422,62.40887451171875,0.8766868114471436,0.2728292644023895,0.8880501389503479
Uganda,Sub-Saharan Africa,4.432000160217285,7.500389575958252,0.7649946212768555,55.70820236206055,0.7317139506340027,0.09948743134737015,0.8367378115653992,4.636499881744385,7.677433490753174,0.7811079025268555,56.10139083862305,0.7088271379470825,0.12167289108037949,0.8549025058746338
Ukraine,Commonwealth of Independent States,4.560699939727783,9.010690689086914,0.8788793683052063,64.606781005859375,0.6630818843841553,-0.03093370608985424,0.9206367135047913,4.874800205230713,9.436073303222656,0.8879203796386719,64.90174865722656,0.7244468927383423,-0.01103250589221716,0.9238168001174927
United Arab Emirates,Middle East and North Africa,6.790800094604492,11.10999870300293,0.8491811156272888,67.0827865600586,0.9413455128669739,0.12345084547996521,0.5945022106170654,6.560500144958496,11.08488941192627,0.8443886637687683,67.33289337158203,0.9323959946632385,0.07399898767471313,0.5891460180282593
United Kingdom,Western Europe,7.1645002365112305,10.60013484954834,0.9366828203201294,72.301605224609375,0.8347436785697937,0.26373249292373657,0.43591591715812683,7.063600063323975,10.70714282989502,0.9339838027954102,72.500091552734375,0.858679473400116,0.23341993987560272,0.4594566226005554
United States,North America and ANZ,6.939599990844727,10.925768852233887,0.9142190217971802,68.29949951171875,0.8426195383071899,0.14989173412322998,0.6997153162956238,6.951499938964844,11.023136138916016,0.9198493361473083,68.199859619140625,0.8369630575180054,0.09843681752681732,0.6980640888214111
Uruguay,Latin America and Caribbean,6.440100193023682,9.948192596435547,0.9228112697601318,69.00254821777344,0.8923954367637634,-0.10110311210155487,0.6359941363334656,6.431399822235107,9.965593338012695,0.9249749779701233,69.10005950927734,0.8957509398460388,-0.092220209538936615,0.5895706415176392
Uzbekistan,Commonwealth of Independent States,6.257599830627441,8.7403717041015625,0.9265958070755005,65.107574462890625,0.9749981164932251,0.248427152633667,0.5014973878860474,6.178800106048584,8.836421012878418,0.9184690117835999,65.25531005859375,0.970130980014801,0.31070613861083984,0.5150893926620483
Venezuela,Latin America and Caribbean,5.053199768066406,8.97779369354248,0.8904081583023071,66.505340576171875,0.6232783198356628,-0.16909050941467285,0.8370383977890015,4.892199993133545,9.073103904724121,0.8609268069267273,66.699859619140625,0.6153803467750549,-0.16875705122947693,0.8266558647155762
Vietnam,Southeast Asia,5.353499889373779,8.809545516967773,0.8499871492385864,67.9527359008789,0.9395929574966431,-0.09453333169221878,0.796421229839325,5.410799980163574,8.973156929016113,0.8499871492385864,68.03413391113281,0.9395929574966431,-0.0976143330335617,0.796421229839325
Yemen,Middle East and North Africa,3.527400016784668,7.759682655334473,0.8179805874824524,56.7272834777832,0.5999202728271484,-0.1577354371547699,0.8002877235412598,3.657900094985962,7.578436851501465,0.8315374255180359,57.1215705871582,0.6021565794944763,-0.14671222865581512,0.8002877235412598
Zambia,Sub-Saharan Africa,3.759399890899658,8.224720001220703,0.6988244652748108,55.29937744140625,0.806500256061554,0.07803712785243988,0.8012896776199341,4.073400020599365,8.145450592041016,0.707517683506012,55.80921173095703,0.7818997502326965,0.060520924627780914,0.8234307765960693
Zimbabwe,Sub-Saharan Africa,3.2992000579833984,7.865711688995361,0.7630927562713623,55.61725997924805,0.7114579081535339,-0.07206395268440247,0.8102369904518127,3.1447999477386475,7.942595481872559,0.750469982624054,56.20083999633789,0.6767001152038574,-0.04734573885798454,0.8209987282752991
